WORD_ID,VOCAB_WORD
0,http
1,use
2,list
3,email
4,get
5,mail
6,one
7,free
8,time
9,work
10,messag
11,make
12,like
13,would
14,peopl
15,new
16,inform
17,receiv
18,pleas
19,click
20,busi
21,address
22,want
23,us
24,need
25,order
26,remov
27,also
28,go
29,year
30,send
31,money
32,file
33,compani
34,system
35,report
36,way
37,wrote
38,name
39,user
40,look
41,chang
42,site
43,day
44,know
45,state
46,program
47,may
48,see
49,call
50,could
51,group
52,even
53,think
54,includ
55,linux
56,first
57,offer
58,take
59,say
60,servic
61,right
62,tri
63,world
64,help
65,find
66,internet
67,market
68,product
69,mani
70,much
71,home
72,said
73,softwar
74,web
75,problem
76,date
77,line
78,spam
79,link
80,start
81,check
82,number
83,run
84,good
85,thing
86,well
87,subject
88,interest
89,phone
90,govern
91,person
92,provid
93,set
94,today
95,come
96,million
97,ad
98,give
99,server
100,follow
101,back
102,best
103,month
104,form
105,rate
106,everi
107,secur
108,gener
109,url
110,price
111,still
112,comput
113,packag
114,instal
115,code
116,avail
117,sent
118,life
119,version
120,read
121,commun
122,sinc
123,grant
124,maintain
125,sponsor
126,thank
127,network
128,two
129,differ
130,credit
131,without
132,made
133,develop
134,support
135,within
136,week
137,page
138,write
139,save
140,realli
141,case
142,subscript
143,irish
144,someth
145,current
146,un
147,last
148,anyon
149,onlin
150,complet
151,sure
152,build
153,card
154,seem
155,requir
156,manag
157,custom
158,de
159,ilug
160,never
161,better
162,window
163,keep
164,special
165,ca
166,point
167,place
168,search
169,per
170,anoth
171,found
172,actual
173,access
174,result
175,repli
176,contact
177,question
178,part
179,base
180,old
181,listmast
182,futur
183,issu
184,put
185,wish
186,long
187,next
188,let
189,live
190,hour
191,countri
192,end
193,invest
194,must
195,unsubscrib
196,mean
197,easi
198,process
199,unit
200,lot
201,great
202,got
203,technolog
204,account
205,show
206,nation
207,guarante
208,might
209,power
210,releas
211,legal
212,data
213,cost
214,allow
215,success
216,sourc
217,news
218,engin
219,possibl
220,visit
221,profession
222,trade
223,idea
224,post
225,increas
226,pay
227,ask
228,public
229,advertis
230,open
231,error
232,websit
233,opportun
234,test
235,real
236,sell
237,ever
238,less
239,respons
240,insur
241,plan
242,design
243,tell
244,creat
245,word
246,buy
247,reason
248,howev
249,prefer
250,heaven
251,effect
252,someon
253,aug
254,cd
255,color
256,sale
257,law
258,improv
259,applic
260,around
261,instead
262,fact
263,least
264,box
265,ye
266,dollar
267,fix
268,american
269,rpm
270,job
271,copi
272,probabl
273,simpl
274,origin
275,believ
276,cours
277,contain
278,move
279,fax
280,type
281,happen
282,though
283,friend
284,littl
285,els
286,financi
287,total
288,welcom
289,share
290,valu
291,request
292,exampl
293,add
294,return
295,abl
296,client
297,format
298,perl
299,anyth
300,alway
301,simpli
302,alreadi
303,high
304,protect
305,full
306,fill
307,cash
308,mailto
309,feel
310,directori
311,regard
312,purchas
313,bit
314,stop
315,licens
316,signatur
317,import
318,intern
319,experi
320,answer
321,polici
322,exist
323,past
324,famili
325,note
326,updat
327,learn
328,top
329,info
330,sep
331,geek
332,becom
333,act
334,lead
335,drive
336,age
337,small
338,ship
339,instruct
340,second
341,suppli
342,control
343,member
344,databas
345,low
346,thousand
347,recent
348,incom
349,select
350,featur
351,stuff
352,minut
353,appli
354,turn
355,yet
356,done
357,industri
358,sever
359,citi
360,folder
361,limit
362,continu
363,understand
364,tool
365,detail
366,guid
367,c
368,noth
369,e
370,exmh
371,notic
372,everyth
373,step
374,enough
375,oper
376,claim
377,big
378,sign
379,letter
380,caus
381,univers
382,larg
383,key
384,other
385,care
386,hard
387,three
388,thinkgeek
389,connect
390,record
391,discuss
392,accept
393,text
394,etc
395,thu
396,bill
397,play
398,term
399,pgp
400,specif
401,offic
402,via
403,talk
404,america
405,deal
406,mayb
407,immedi
408,direct
409,download
410,option
411,major
412,seen
413,forc
414,true
415,subscrib
416,hope
417,center
418,kind
419,thought
420,individu
421,method
422,decid
423,rule
424,lose
425,log
426,plu
427,matter
428,natur
429,comment
430,risk
431,either
432,yahoo
433,assist
434,quot
435,rather
436,present
437,mime
438,away
439,content
440,wait
441,rememb
442,bank
443,r
444,hand
445,fund
446,local
447,kernel
448,project
449,secret
450,loan
451,train
452,level
453,hundr
454,corpor
455,activ
456,consid
457,matthia
458,research
459,razor
460,area
461,forward
462,august
463,bodi
464,book
465,root
466,stori
467,addit
468,machin
469,benefit
470,standard
471,target
472,war
473,entir
474,suggest
475,quit
476,bad
477,document
478,copyright
479,posit
480,global
481,appear
482,presid
483,bug
484,author
485,often
486,expect
487,distribut
488,juli
489,polit
490,mind
491,human
492,septemb
493,grow
494,ago
495,jul
496,size
497,hit
498,qualiti
499,trust
500,none
501,easili
502,absolut
503,partner
504,pm
505,island
506,whether
507,agent
508,b
509,love
510,join
511,given
512,collect
513,solut
514,involv
515,happi
516,amount
517,fast
518,associ
519,singl
520,domain
521,charg
522,man
523,whole
524,promot
525,dvd
526,fork
527,earn
528,far
529,later
530,sort
531,feder
532,parti
533,hi
534,mortgag
535,submit
536,upon
537,enter
538,normal
539,potenti
540,meet
541,wrong
542,refer
543,wed
544,nice
545,red
546,function
547,tm
548,load
549,social
550,econom
551,transact
552,john
553,wonder
554,publish
555,almost
556,discov
557,reach
558,everyon
559,close
560,pass
561,view
562,fail
563,execut
564,sound
565,depend
566,perform
567,women
568,profit
569,privat
570,attack
571,broadcast
572,x
573,newslett
574,relat
575,automat
576,paid
577,contract
578,statement
579,effort
580,delet
581,mark
582,begin
583,foreign
584,compil
585,sequenc
586,media
587,miss
588,regist
589,spamassassin
590,bush
591,final
592,cell
593,header
594,figur
595,stock
596,handl
597,command
598,display
599,action
600,similar
601,game
602,locat
603,tuesday
604,templ
605,transfer
606,pick
607,digit
608,hat
609,event
610,disk
611,wo
612,chri
613,produc
614,known
615,soon
616,track
617,articl
618,print
619,tax
620,longer
621,properti
622,mention
623,pretti
624,toner
625,default
626,script
627,dear
628,store
629,pc
630,men
631,debt
632,hous
633,oblig
634,microsoft
635,sun
636,upgrad
637,imag
638,respect
639,organ
640,due
641,bulk
642,enenkio
643,capit
644,weight
645,commiss
646,payment
647,administr
648,along
649,freedom
650,daili
651,health
652,offici
653,practic
654,worth
655,half
656,n
657,cartridg
658,propos
659,usa
660,resourc
661,billion
662,languag
663,came
664,strategi
665,leav
666,late
667,concern
668,platform
669,assum
670,clear
671,net
672,remain
673,devic
674,exactli
675,html
676,street
677,lost
678,car
679,anyway
680,ignor
681,tire
682,ok
683,interact
684,went
685,tue
686,head
687,hear
688,respond
689,tablet
690,la
691,taken
692,deliv
693,independ
694,configur
695,clean
696,bring
697,perhap
698,space
699,qualifi
700,fine
701,averag
702,watch
703,fals
704,press
705,invok
706,school
707,retail
708,recommend
709,expens
710,short
711,fall
712,membership
713,enabl
714,memori
715,host
716,consult
717,fee
718,guess
719,huge
720,suit
721,left
722,xml
723,edit
724,extrem
725,usual
726,review
727,choos
728,common
729,warn
730,advantag
731,compar
732,except
733,en
734,agre
735,port
736,region
737,materi
738,abil
739,main
740,side
741,field
742,announc
743,five
744,fri
745,basic
746,dream
747,told
748,although
749,paper
750,drop
751,le
752,guy
753,readi
754,growth
755,item
756,vulner
757,spend
758,black
759,educ
760,hold
761,win
762,cheer
763,model
764,bonu
765,replac
766,face
767,electron
768,unseen
769,studi
770,interfac
771,confidenti
772,reserv
773,loss
774,altern
775,safe
776,accord
777,mon
778,kingdom
779,intend
780,avoid
781,j
782,choic
783,implement
784,oz
785,id
786,multipl
787,approv
788,rest
789,commerci
790,situat
791,histori
792,moment
793,break
794,p
795,insid
796,togeth
797,chanc
798,investig
799,combin
800,extra
801,employ
802,purpos
803,section
804,quick
805,coupl
806,pictur
807,initi
808,confirm
809,advanc
810,msg
811,across
812,goe
813,court
814,util
815,monday
816,unless
817,burn
818,particular
819,object
820,energi
821,express
822,score
823,india
824,male
825,et
826,indic
827,took
828,video
829,owner
830,filter
831,sens
832,count
833,directli
834,speed
835,societi
836,correct
837,agenc
838,procedur
839,valid
840,profil
841,die
842,four
843,variou
844,anywher
845,cut
846,ventur
847,match
848,period
849,uniqu
850,seek
851,gpl
852,especi
853,piec
854,consum
855,sex
856,white
857,spammer
858,kevin
859,certain
860,investor
861,behalf
862,whatev
863,adam
864,setup
865,class
866,popul
867,explain
868,knowledg
869,remot
870,gain
871,latest
872,tip
873,dagga
874,atol
875,unison
876,militari
877,oh
878,ftp
879,block
880,gari
881,googl
882,marshal
883,unix
884,south
885,patch
886,tv
887,lawrenc
888,establish
889,team
890,smoke
891,valuabl
892,switch
893,java
894,shop
895,ragga
896,imagin
897,aaaaaaaaaaaaaaaaaaaaaaaaaaaaaaaaaaaaaaaaaaaaaaaaaaaaaaaaaaaaaaaaaaaaaaaaaaaa
898,integr
899,robert
900,prevent
901,attempt
902,prepar
903,boot
904,third
905,folk
906,will
907,privaci
908,heard
909,necessari
910,hardwar
911,sometim
912,sorri
913,manual
914,tag
915,particip
916,screen
917,saou
918,reduc
919,york
920,bottl
921,congress
922,night
923,china
924,sa
925,fastest
926,cover
927,backup
928,stand
929,depart
930,enjoy
931,seriou
932,path
933,certainli
934,mass
935,alb
936,goal
937,driver
938,regul
939,obtain
940,h
941,botan
942,suppos
943,competit
944,lower
945,amaz
946,land
947,promis
948,fulli
949,medic
950,capabl
951,poor
952,speak
953,apolog
954,extend
955,titl
956,scienc
957,traffic
958,deathtospamdeathtospamdeathtospam
959,introduc
960,lowest
961,movi
962,defin
963,describ
964,definit
965,troubl
966,cv
967,exchang
968,paul
969,film
970,neg
971,rang
972,easier
973,sender
974,decis
975,wireless
976,os
977,osdn
978,approach
979,death
980,technic
981,predict
982,six
983,earli
984,murphi
985,commit
986,fortun
987,quickli
988,written
989,beberg
990,sold
991,kill
992,worri
993,im
994,redhat
995,michael
996,music
997,button
998,apt
999,firm
1000,seventh
1001,judgment
1002,ham
1003,economi
1004,ensur
1005,fat
1006,north
1007,mobil
1008,king
1009,father
1010,opinion
1011,browser
1012,telephon
1013,faster
1014,attach
1015,achiev
1016,argument
1017,archiv
1018,librari
1019,premium
1020,bar
1021,player
1022,techniqu
1023,enterpris
1024,travel
1025,separ
1026,adult
1027,desir
1028,threat
1029,cooper
1030,demand
1031,deserv
1032,board
1033,appar
1034,uk
1035,modul
1036,f
1037,anim
1038,condit
1039,hello
1040,terrorist
1041,determin
1042,stay
1043,enhanc
1044,estat
1045,attent
1046,wide
1047,elimin
1048,outsid
1049,dave
1050,virtual
1051,expert
1052,repres
1053,children
1054,monthli
1055,drug
1056,wall
1057,cabl
1058,gnupg
1059,sincer
1060,pain
1061,declar
1062,modifi
1063,held
1064,environ
1065,washington
1066,signific
1067,fun
1068,danger
1069,permiss
1070,relev
1071,confid
1072,kid
1073,iii
1074,david
1075,rich
1076,w
1077,l
1078,sum
1079,cat
1080,canada
1081,programm
1082,equip
1083,exclus
1084,g
1085,cc
1086,popular
1087,air
1088,proven
1089,forev
1090,excel
1091,diet
1092,string
1093,justin
1094,bottom
1095,bitbitch
1096,usd
1097,expand
1098,centuri
1099,paragraph
1100,friday
1101,factor
1102,skip
1103,central
1104,monitor
1105,anybodi
1106,challeng
1107,relationship
1108,pattern
1109,near
1110,san
1111,identifi
1112,toward
1113,asset
1114,director
1115,appreci
1116,excit
1117,behind
1118,terror
1119,confer
1120,exercis
1121,perfect
1122,girl
1123,discoveri
1124,progress
1125,background
1126,citizen
1127,sexual
1128,rais
1129,roman
1130,unsolicit
1131,whose
1132,among
1133,rh
1134,defens
1135,road
1136,sampl
1137,difficult
1138,west
1139,hettinga
1140,fit
1141,rel
1142,colleg
1143,spain
1144,octob
1145,illeg
1146,photo
1147,partit
1148,entri
1149,thread
1150,intellig
1151,acquir
1152,lender
1153,serv
1154,william
1155,tie
1156,seri
1157,solv
1158,chief
1159,strong
1160,reader
1161,earth
1162,confus
1163,refin
1164,stupid
1165,instant
1166,ms
1167,measur
1168,fair
1169,tree
1170,european
1171,largest
1172,extract
1173,mode
1174,verifi
1175,french
1176,built
1177,regular
1178,equival
1179,peac
1180,slow
1181,laptop
1182,procmail
1183,deliveri
1184,index
1185,oct
1186,conveni
1187,mac
1188,lock
1189,sweet
1190,reliabl
1191,resid
1192,tradit
1193,suse
1194,dead
1195,smart
1196,brian
1197,datapow
1198,categori
1199,arial
1200,inlin
1201,africa
1202,graphic
1203,front
1204,europ
1205,voic
1206,ident
1207,cach
1208,leader
1209,annuiti
1210,useless
1211,femal
1212,statu
1213,emerg
1214,ten
1215,tim
1216,evid
1217,realiz
1218,compat
1219,fire
1220,verdana
1221,gnu
1222,campaign
1223,occur
1224,capillari
1225,desktop
1226,young
1227,abus
1228,cultur
1229,therefor
1230,gift
1231,physic
1232,higher
1233,concept
1234,herba
1235,revenu
1236,institut
1237,satellit
1238,previous
1239,convers
1240,warranti
1241,walk
1242,launch
1243,deposit
1244,thursday
1245,brand
1246,aid
1247,june
1248,concentr
1249,otherwis
1250,roll
1251,contribut
1252,underlin
1253,nigeria
1254,degre
1255,doubt
1256,wife
1257,honor
1258,forget
1259,carri
1260,inde
1261,repositori
1262,unlimit
1263,former
1264,indian
1265,arriv
1266,pacif
1267,echo
1268,yeah
1269,classifi
1270,compet
1271,weapon
1272,fight
1273,powel
1274,affili
1275,critic
1276,conflict
1277,recipi
1278,listen
1279,token
1280,isp
1281,percent
1282,sat
1283,unfortun
1284,app
1285,storag
1286,password
1287,extens
1288,tech
1289,surpris
1290,assur
1291,catch
1292,civil
1293,sit
1294,hot
1295,jabber
1296,art
1297,hermio
1298,detect
1299,basi
1300,effici
1301,sleep
1302,succeed
1303,kept
1304,intro
1305,alsa
1306,printer
1307,panel
1308,substanti
1309,water
1310,garrigu
1311,proprietari
1312,menu
1313,enemi
1314,scan
1315,descript
1316,ip
1317,mine
1318,light
1319,jm
1320,pull
1321,charact
1322,tabl
1323,discount
1324,pudg
1325,saw
1326,advic
1327,attract
1328,disabl
1329,wednesday
1330,god
1331,revers
1332,joe
1333,truth
1334,output
1335,v
1336,manufactur
1337,analysi
1338,balanc
1339,vendor
1340,gone
1341,worldwid
1342,euro
1343,seven
1344,af
1345,structur
1346,cool
1347,specifi
1348,teach
1349,morn
1350,jame
1351,room
1352,vote
1353,alon
1354,lack
1355,decad
1356,agreement
1357,franc
1358,editor
1359,k
1360,boston
1361,wast
1362,gold
1363,california
1364,patent
1365,awar
1366,whitelist
1367,polic
1368,inc
1369,zip
1370,innov
1371,treat
1372,construct
1373,nobodi
1374,insert
1375,financ
1376,u
1377,temperatur
1378,obvious
1379,tom
1380,journal
1381,career
1382,theori
1383,ga
1384,highli
1385,clue
1386,encourag
1387,gcc
1388,ultim
1389,impress
1390,son
1391,flag
1392,afford
1393,touch
1394,spec
1395,incred
1396,constitut
1397,input
1398,int
1399,peni
1400,attorney
1401,ebay
1402,usag
1403,trick
1404,greater
1405,ab
1406,anymor
1407,correspond
1408,brain
1409,cent
1410,annual
1411,wake
1412,blank
1413,mother
1414,blood
1415,trial
1416,middl
1417,master
1418,previou
1419,hp
1420,boy
1421,jim
1422,dan
1423,stream
1424,democrat
1425,urgent
1426,suffer
1427,el
1428,mike
1429,hate
1430,greg
1431,mechan
1432,cbyi
1433,larger
1434,focu
1435,perman
1436,advis
1437,pound
1438,cheap
1439,varieti
1440,mostli
1441,particularli
1442,flow
1443,php
1444,judg
1445,style
1446,speech
1447,summari
1448,smtp
1449,star
1450,skeptic
1451,underwrit
1452,mistak
1453,delay
1454,bold
1455,wealth
1456,obviou
1457,instanc
1458,percentag
1459,vacat
1460,behavior
1461,dynam
1462,destruct
1463,binari
1464,toni
1465,keyboard
1466,earlier
1467,comfort
1468,republ
1469,super
1470,dark
1471,warm
1472,mailer
1473,laserjet
1474,affect
1475,rick
1476,telecom
1477,eye
1478,rock
1479,auto
1480,arm
1481,aa
1482,reveal
1483,suspect
1484,firewal
1485,channel
1486,woman
1487,termin
1488,ireland
1489,motiv
1490,tend
1491,essenti
1492,knew
1493,steve
1494,ban
1495,consolid
1496,se
1497,alli
1498,principl
1499,prospect
1500,floppi
1501,domest
1502,heart
1503,english
1504,consist
1505,recogn
1506,btw
1507,rss
1508,vipul
1509,skill
1510,lawyer
1511,estim
1512,wing
1513,impact
1514,core
1515,prompt
1516,highlight
1517,pack
1518,beta
1519,magazin
1520,restor
1521,somewher
1522,eval
1523,eventu
1524,opt
1525,invit
1526,nearli
1527,defend
1528,dell
1529,gnome
1530,unlik
1531,vehicl
1532,fl
1533,variabl
1534,convert
1535,comprehens
1536,revis
1537,font
1538,role
1539,ftoc
1540,beat
1541,lifetim
1542,staff
1543,planta
1544,pipe
1545,task
1546,march
1547,histor
1548,babi
1549,food
1550,hair
1551,biggest
1552,clearli
1553,python
1554,eat
1555,audio
1556,dn
1557,modern
1558,teledynam
1559,pocket
1560,modem
1561,despit
1562,map
1563,ground
1564,ii
1565,bf
1566,favor
1567,fresh
1568,commentari
1569,picasso
1570,suck
1571,bind
1572,complianc
1573,sensit
1574,ec
1575,strength
1576,shown
1577,british
1578,netscap
1579,mlm
1580,senior
1581,exploit
1582,coverag
1583,dragon
1584,config
1585,strongli
1586,minimum
1587,permit
1588,doctor
1589,gave
1590,peter
1591,dont
1592,employe
1593,texa
1594,failur
1595,liber
1596,ea
1597,mile
1598,beyond
1599,stabl
1600,instantli
1601,conserv
1602,interview
1603,protocol
1604,truli
1605,spot
1606,mailbox
1607,met
1608,brought
1609,visa
1610,typic
1611,signal
1612,equal
1613,reli
1614,tx
1615,everybodi
1616,tape
1617,optim
1618,synchron
1619,consider
1620,calcul
1621,char
1622,worst
1623,revok
1624,dial
1625,chines
1626,q
1627,led
1628,distanc
1629,translat
1630,hidden
1631,startup
1632,showcas
1633,crash
1634,proper
1635,exact
1636,draw
1637,al
1638,hover
1639,geeg
1640,yesterday
1641,spent
1642,neighbor
1643,imposs
1644,finish
1645,evil
1646,crimin
1647,annoy
1648,broker
1649,favorit
1650,bonus
1651,prove
1652,boss
1653,extern
1654,stylu
1655,plant
1656,z
1657,bb
1658,retriev
1659,rare
1660,sir
1661,bearer
1662,sole
1663,pop
1664,bigger
1665,feet
1666,ran
1667,foundat
1668,explor
1669,acknowledg
1670,artist
1671,repair
1672,beauti
1673,hotel
1674,evalu
1675,hell
1676,hack
1677,rob
1678,scientist
1679,equiti
1680,properli
1681,planet
1682,expir
1683,edward
1684,poverti
1685,rebuild
1686,strang
1687,guidelin
1688,england
1689,portion
1690,somebodi
1691,serious
1692,safeti
1693,prescript
1694,sport
1695,sunday
1696,push
1697,summer
1698,restrict
1699,climat
1700,iiu
1701,lie
1702,antiqu
1703,jump
1704,strip
1705,chicago
1706,autom
1707,correctli
1708,bell
1709,scheme
1710,helvetica
1711,spread
1712,minor
1713,station
1714,lo
1715,primari
1716,vou
1717,diseas
1718,headlin
1719,epson
1720,mount
1721,threaten
1722,gentl
1723,para
1724,shape
1725,currenc
1726,entertain
1727,fundament
1728,recruit
1729,becam
1730,radio
1731,student
1732,laser
1733,merchant
1734,resum
1735,architectur
1736,protest
1737,herb
1738,damag
1739,mainten
1740,happier
1741,hang
1742,recal
1743,husband
1744,seed
1745,spamd
1746,proxi
1747,craig
1748,van
1749,corpu
1750,vast
1751,settlement
1752,prioriti
1753,feroc
1754,plug
1755,exit
1756,doubl
1757,muscl
1758,stick
1759,bc
1760,remedi
1761,sendmail
1762,buyer
1763,empti
1764,creativ
1765,reg
1766,hall
1767,green
1768,prior
1769,feedback
1770,tel
1771,symbol
1772,georg
1773,luck
1774,dozen
1775,hire
1776,western
1777,disappear
1778,angl
1779,somehow
1780,viagra
1781,moor
1782,ticket
1783,faith
1784,ba
1785,laugh
1786,usb
1787,anonym
1788,broken
1789,norton
1790,ssh
1791,oil
1792,supplement
1793,seminar
1794,batteri
1795,feed
1796,kathmandu
1797,camera
1798,reject
1799,bother
1800,hormon
1801,realiti
1802,aspect
1803,wors
1804,disclaim
1805,child
1806,pour
1807,fantasi
1808,shot
1809,committe
1810,argu
1811,appeal
1812,substanc
1813,parent
1814,democraci
1815,entrepreneur
1816,allianc
1817,convent
1818,arrang
1819,shall
1820,acceler
1821,perfectli
1822,ie
1823,doc
1824,encrypt
1825,convinc
1826,neither
1827,sponsorship
1828,mozilla
1829,observ
1830,authent
1831,shock
1832,serial
1833,statist
1834,à
1835,electr
1836,phrase
1837,slightli
1838,blue
1839,random
1840,park
1841,legitim
1842,barcelona
1843,east
1844,hey
1845,edificio
1846,merg
1847,frame
1848,award
1849,alert
1850,strictli
1851,resolv
1852,appropri
1853,empir
1854,funni
1855,queri
1856,door
1857,auction
1858,edg
1859,nort
1860,refund
1861,carrier
1862,volum
1863,solari
1864,damn
1865,surviv
1866,hunt
1867,ac
1868,pressur
1869,survey
1870,smaller
1871,highest
1872,daniel
1873,lesson
1874,stabil
1875,kelli
1876,tomorrow
1877,fear
1878,repeat
1879,bear
1880,aphrodisia
1881,eugen
1882,capac
1883,virus
1884,strike
1885,te
1886,alter
1887,arrest
1888,fairli
1889,amend
1890,declin
1891,farquhar
1892,banner
1893,trip
1894,union
1895,mr
1896,bought
1897,mason
1898,twice
1899,odd
1900,owen
1901,nt
1902,pablo
1903,meant
1904,januari
1905,aggress
1906,herbal
1907,ah
1908,harm
1909,weekend
1910,violat
1911,exclud
1912,zero
1913,promiscu
1914,winner
1915,welch
1916,bound
1917,race
1918,compon
1919,duplic
1920,gmt
1921,cancel
1922,cold
1923,licenc
1924,appl
1925,complain
1926,inbox
1927,easiest
1928,spray
1929,nativ
1930,debian
1931,mirror
1932,bandwidth
1933,algorithm
1934,honest
1935,mh
1936,vari
1937,presum
1938,reduct
1939,round
1940,farm
1941,formula
1942,deni
1943,genet
1944,mous
1945,md
1946,pill
1947,prosaka
1948,scam
1949,ratio
1950,audienc
1951,postal
1952,blog
1953,bunch
1954,approxim
1955,martin
1956,precis
1957,partnership
1958,iraq
1959,gibbon
1960,viru
1961,gay
1962,tab
1963,vjestika
1964,possess
1965,renew
1966,split
1967,austin
1968,â
1969,sea
1970,club
1971,analyst
1972,reboot
1973,bankruptci
1974,brief
1975,compens
1976,elsewher
1977,roger
1978,dramat
1979,testimoni
1980,envelop
1981,gordon
1982,plugin
1983,massiv
1984,grand
1985,saturday
1986,porn
1987,weekli
1988,processor
1989,margin
1990,msgid
1991,label
1992,buffer
1993,reward
1994,lift
1995,deploy
1996,registr
1997,apart
1998,agreeabl
1999,fuck
2000,sm
2001,religion
2002,complex
2003,aol
2004,hmm
2005,flash
2006,writer
2007,environment
2008,prohibit
2009,that
2010,collabor
2011,cancer
2012,retir
2013,adopt
2014,infrastructur
2015,anytim
2016,millionair
2017,dig
2018,nvidia
2019,engag
2020,rohit
2021,ibm
2022,ps
2023,inconveni
2024,yellow
2025,northern
2026,schedul
2027,ae
2028,plenti
2029,ministri
2030,cycl
2031,solicit
2032,satisfi
2033,shell
2034,harley
2035,justic
2036,conduct
2037,assembl
2038,african
2039,length
2040,thoma
2041,experienc
2042,onto
2043,encount
2044,enforc
2045,swap
2046,began
2047,acquisit
2048,self
2049,own
2050,candid
2051,rout
2052,rose
2053,farmer
2054,mere
2055,excess
2056,clock
2057,ffffff
2058,img
2059,distro
2060,null
2061,henc
2062,duncan
2063,throw
2064,minim
2065,kate
2066,pointer
2067,conclud
2068,liter
2069,newspap
2070,london
2071,homeown
2072,domin
2073,prosper
2074,scale
2075,grab
2076,invent
2077,wholesal
2078,russian
2079,demonstr
2080,da
2081,attend
2082,guido
2083,evolv
2084,transform
2085,deep
2086,straight
2087,elect
2088,famou
2089,oppos
2090,context
2091,christian
2092,unabl
2093,televis
2094,boost
2095,niall
2096,rank
2097,murder
2098,toll
2099,solid
2100,receipt
2101,var
2102,glad
2103,wave
2104,lawsuit
2105,hors
2106,buck
2107,colleagu
2108,mix
2109,chat
2110,valhalla
2111,proof
2112,corrupt
2113,skin
2114,resel
2115,entiti
2116,attain
2117,co
2118,assert
2119,blame
2120,remark
2121,religi
2122,loop
2123,crime
2124,routin
2125,preserv
2126,tune
2127,brent
2128,moral
2129,paypal
2130,numer
2131,icq
2132,passphras
2133,marshalles
2134,replica
2135,glm
2136,mathemat
2137,abacha
2138,vircio
2139,forest
2140,tast
2141,newsgroup
2142,russia
2143,accur
2144,asia
2145,scientif
2146,inkjet
2147,inspir
2148,webmast
2149,habea
2150,formal
2151,joseph
2152,mountain
2153,po
2154,throughout
2155,destroy
2156,chart
2157,visitor
2158,frequent
2159,na
2160,embed
2161,yield
2162,brother
2163,hint
2164,sheet
2165,hash
2166,song
2167,rise
2168,regardless
2169,bu
2170,bless
2171,victim
2172,column
2173,jar
2174,ben
2175,heavi
2176,consequ
2177,chip
2178,ed
2179,decemb
2180,amateur
2181,classic
2182,remind
2183,limbo
2184,town
2185,logic
2186,dog
2187,branch
2188,aim
2189,mess
2190,bay
2191,freebsd
2192,trace
2193,drink
2194,incompat
2195,pure
2196,labor
2197,medium
2198,syntax
2199,topic
2200,privileg
2201,il
2202,worker
2203,smoker
2204,imho
2205,felt
2206,negoti
2207,joke
2208,focus
2209,coast
2210,pars
2211,que
2212,exhibit
2213,satisfact
2214,gambl
2215,exceed
2216,ladi
2217,adapt
2218,violenc
2219,spirit
2220,export
2221,assign
2222,est
2223,crap
2224,spamtrap
2225,prize
2226,lib
2227,vice
2228,appoint
2229,incorpor
2230,stamp
2231,pursu
2232,circumst
2233,battl
2234,opposit
2235,fan
2236,specialist
2237,batch
2238,byte
2239,complic
2240,cheaper
2241,tremend
2242,pa
2243,moder
2244,liberti
2245,strengthen
2246,ui
2247,older
2248,compress
2249,sur
2250,pro
2251,okay
2252,kit
2253,goto
2254,border
2255,unwant
2256,chairman
2257,unknown
2258,gather
2259,lover
2260,boundari
2261,admit
2262,loos
2263,caught
2264,airlin
2265,compel
2266,alan
2267,jodi
2268,bet
2269,intel
2270,struggl
2271,affair
2272,keyword
2273,sophist
2274,trivial
2275,truck
2276,entitl
2277,florida
2278,riaa
2279,pioneer
2280,stage
2281,wear
2282,penni
2283,owe
2284,airport
2285,trend
2286,belief
2287,australia
2288,ideal
2289,dublin
2290,sector
2291,ownership
2292,transmiss
2293,hole
2294,ved
2295,surfac
2296,ahead
2297,muslim
2298,album
2299,mastercard
2300,britain
2301,disclosur
2302,stephen
2303,palestinian
2304,overal
2305,weak
2306,wa
2307,maker
2308,msn
2309,reform
2310,tin
2311,dice
2312,refus
2313,lay
2314,scott
2315,stress
2316,maximum
2317,pickl
2318,adjust
2319,assumpt
2320,jack
2321,suffici
2322,outlook
2323,mplayer
2324,ice
2325,relay
2326,dump
2327,encod
2328,raw
2329,weather
2330,majesti
2331,wealthi
2332,marri
2333,chain
2334,schuman
2335,ne
2336,captur
2337,debug
2338,propag
2339,transpar
2340,hawaii
2341,influenc
2342,curv
2343,portabl
2344,finger
2345,hide
2346,sentenc
2347,magic
2348,vision
2349,depress
2350,timeout
2351,ce
2352,holiday
2353,frustrat
2354,admin
2355,crack
2356,astronom
2357,retain
2358,silli
2359,proceed
2360,trademark
2361,explan
2362,egg
2363,submiss
2364,dinosaur
2365,shout
2366,ou
2367,bone
2368,spring
2369,endeavor
2370,mandat
2371,patrick
2372,lilo
2373,whatsoev
2374,catalog
2375,session
2376,gpg
2377,ram
2378,ar
2379,api
2380,circl
2381,spambay
2382,unusu
2383,latter
2384,fli
2385,besid
2386,settl
2387,virginia
2388,ethic
2389,inexpens
2390,speaker
2391,outstand
2392,weird
2393,mysql
2394,rah
2395,movement
2396,buri
2397,hacker
2398,intellectu
2399,scratch
2400,francisco
2401,corner
2402,belong
2403,hospit
2404,casino
2405,heck
2406,rapidli
2407,tower
2408,randomli
2409,twenti
2410,expos
2411,fuel
2412,du
2413,constant
2414,lean
2415,joint
2416,organis
2417,intent
2418,xxx
2419,thirti
2420,recognit
2421,greatest
2422,prob
2423,tivo
2424,abandon
2425,eb
2426,ir
2427,openssl
2428,minist
2429,snore
2430,celebr
2431,scholarship
2432,preced
2433,jeremi
2434,germani
2435,bomb
2436,iroijlaplap
2437,igtt
2438,plane
2439,ez
2440,ton
2441,necessarili
2442,formul
2443,pentium
2444,fp
2445,tweak
2446,harvest
2447,dr
2448,wild
2449,theme
2450,draft
2451,une
2452,armi
2453,relax
2454,conclus
2455,es
2456,marriag
2457,openssh
2458,japan
2459,framework
2460,season
2461,greet
2462,recov
2463,richard
2464,maxim
2465,forum
2466,jurisdict
2467,element
2468,german
2469,arg
2470,magnitud
2471,raid
2472,ximian
2473,pci
2474,anthoni
2475,distributor
2476,burner
2477,bond
2478,trader
2479,mutual
2480,telecommun
2481,bullet
2482,rm
2483,everywher
2484,notifi
2485,council
2486,capitalist
2487,decreas
2488,potent
2489,navig
2490,bsd
2491,asian
2492,contest
2493,subsequ
2494,quarter
2495,dedic
2496,scope
2497,maxaman
2498,freez
2499,shoot
